क्र.सं., मुख्य कार्यक्रम/मुख्य क्रियाकलाप,विनियोजन,खर्च,खर्च (%),मौज्दात,वर्ग,city,year
१,कृषि उत्पादन तथ्याङ्क अभिलेखीकरण,249000.0,0.0,0.0,249000.0,कृषि,lekbeshi,2080-81
२,कृषि प्रसार तथा तालीम कार्यक्रम,350000.0,350000.0,100.0,0.0,कृषि,lekbeshi,2080-81
३,कृषि व्यवसाय पवद्र्धन तथा बजार विकास कार्यकैम,11099890.5,10766790.5,97.0,333100.0,कृषि,lekbeshi,2080-81
४,कृषि सूचना तथा संचार कार्यक्रम,150000.0,147730.0,98.49,2270.0,कृषि,lekbeshi,2080-81
५,बागवानी विकास कार्यक्रम,550000.0,507980.0,92.36,42020.0,कृषि,lekbeshi,2080-81
६,बाली विकास तथा संरक्षण  कार्यक्रम,738000.0,240000.0,32.52,498000.0,कृषि,lekbeshi,2080-81
७,बिबिध,3290000.0,1921900.0,58.42,1368100.0,कृषि,lekbeshi,2080-81
१,कार्यक्रम सामान/वस्तु ढुवानी,90000.0,90000.0,100.0,0.0,कृषि,lekbeshi,2080-81
८,बीउ ंप्रवद्र्धन तथा गुण नियन्त्रण कार्यक्रम ,875000.0,652356.0,74.55,222644.0,कृषि,lekbeshi,2080-81
१,उन्नत बीउ विजन खरिद तथा वितरण,100000.0,100000.0,100.0,0.0,कृषि,lekbeshi,2080-81
९,मत्स्य विकास कार्यक्रम,100000.0,0.0,0.0,100000.0,कृषि,lekbeshi,2080-81
१०,आयमूलक शीप विकास कार्यक्रम,640000.0,640000.0,100.0,0.0,उद्योग,lekbeshi,2080-81
११,उद्यमशीलता विकास कार्यक्रम,1060000.0,1060000.0,100.0,0.0,उद्योग,lekbeshi,2080-81
१२,पर्यटन पूर्वाधार विकास कार्यक्रम,100000.0,90509.0,90.51,9491.0,पर्यटन,lekbeshi,2080-81
१३,सहकारी  तालीम कार्यक्रम,400000.0,222680.0,55.67,177320.0,सहकारी,lekbeshi,2080-81
१४,सहकारी संस्थाको प्रबर्द्धन र विकास कार्यक्रम,150000.0,141943.0,94.63,8057.0,सहकारी,lekbeshi,2080-81
१५,भूमिगत सिंचाई निर्माण र स्तरोन्नति  तथा मर्मत कार्यक्रम,0.0,0.0,0.0,0.0,जलश्रोत तथा सिंचाई,lekbeshi,2080-81
१६,लघु तथा साना सिचाई कार्यक्रम ,34098326.0,25639061.0,75.19,8459265.0,जलश्रोत तथा सिंचाई,lekbeshi,2080-81
१,कुलो निर्माण कार्य,400000.0,387869.0,96.97,12131.0,जलश्रोत तथा सिंचाई,lekbeshi,2080-81
१७,पशु रोग पहिचान तथा नियन्त्रण कार्यक्रम,547935.0,547905.0,99.99,30.0,पशुपन्छी विकास,lekbeshi,2080-81
१८,पशु विकास सेवा कार्यक्रम,777004.0,671770.0,86.46,105234.0,पशुपन्छी विकास,lekbeshi,2080-81
१९,पशुपंक्षी  उत्पादन तथ्याङ्क अभिलेखीकरण,702000.0,0.0,0.0,702000.0,पशुपन्छी विकास,lekbeshi,2080-81
२०,पशुपन्छी बजार प्रवद्र्धन कार्यक्रम,1500000.0,1143804.7,76.25,356195.3,पशुपन्छी विकास,lekbeshi,2080-81
२१,व्यापार प्रवद्र्धन कार्यक्रम  ,155000.0,155000.0,100.0,0.0,वाणिज्य,lekbeshi,2080-81
२२,अनौपचारिक शिक्षाकार्यक्रम,52000.0,52000.0,100.0,0.0,शिक्षा,lekbeshi,2080-81
२३,आधारभूत तह  शिक्षा कार्यक्रम,126653040.0,121649360.0,96.05,5003680.0,शिक्षा,lekbeshi,2080-81
१,तलब भत्ता,493040.0,0.0,0.0,493040.0,शिक्षा,lekbeshi,2080-81
२४,"खुला तथा वैकल्पिक ९गुरुकुल, मदरसा, गुम्वा आदि० एवम् निरन्तर सिकाइ तथा विशेष शिक्षा कार्यक्रम",998000.0,916001.0,91.78,81999.0,शिक्षा,lekbeshi,2080-81
२५,प्रारम्भिक बाल शिक्षा तथा विद्यालय शिक्षाकार्यक्रम,15216000.0,14451633.0,94.98,764367.0,शिक्षा,lekbeshi,2080-81
२६,प्राविधिक शिक्षा तथा व्यावसायिक तालिमकार्यक्रम,1100000.0,400000.0,36.36,700000.0,शिक्षा,lekbeshi,2080-81
२७,पाठ्यमक्रम र पाठ्य्रसामग्री वितरणकार्यक्रम,5594000.0,5594000.0,100.0,0.0,शिक्षा,lekbeshi,2080-81
२८,बिबिध,28005125.0,23684635.0,84.57,4320490.0,शिक्षा,lekbeshi,2080-81
२९,माध्यमिक शिक्षाकार्यक्रम,40345080.0,31086122.0,77.05,9258958.0,शिक्षा,lekbeshi,2080-81
१,तलब भत्ता,6565080.0,6231016.0,94.91,334064.0,शिक्षा,lekbeshi,2080-81
३०,विद्यार्थी प्रोत्साहन तथा छात्रवृत्तिकार्यक्रम,3106000.0,752454.0,24.23,2353546.0,शिक्षा,lekbeshi,2080-81
३१,विद्यार्थी सिकाई उपलब्धी परीक्षण र व्यवस्थापन कार्यक्रम,1299000.0,464000.0,35.72,835000.0,शिक्षा,lekbeshi,2080-81
३२,शैक्षिक पूर्वाधार निर्माण कार्यक्रम,55971258.0,50858302.0,90.87,5112956.0,शिक्षा,lekbeshi,2080-81
१,अन्य पूर्वाधार निर्माण,1000000.0,1000000.0,100.0,0.0,शिक्षा,lekbeshi,2080-81
२,फिल्ड निर्माण,900000.0,858311.0,95.37,41689.0,शिक्षा,lekbeshi,2080-81
३,"भवन निर्माण, तारबार तथा मर्मत",10148000.0,10059407.0,99.13,88593.0,शिक्षा,lekbeshi,2080-81
४,विद्यालय भवन मर्मत,175000.0,158100.0,90.34,16900.0,शिक्षा,lekbeshi,2080-81
३३,नियमित अनुगमन,113000.0,112500.0,99.56,500.0,अनुगमन तथा मुल्यांकन,lekbeshi,2080-81
३४,अन्य,200000.0,199000.0,99.5,1000.0,अनुगमन तथा मुल्यांकन,lekbeshi,2080-81
३५,परामर्श सेवा,100000.0,100000.0,100.0,0.0,आयुर्वेद सेवा,lekbeshi,2080-81
३६,विद्यालय आयुर्वेद कार्यक्रम,100000.0,100000.0,100.0,0.0,आयुर्वेद सेवा,lekbeshi,2080-81
३७,सामान्य औषधि खरिद/ढुवानी,2408921.0,2119477.0,87.98,289444.0,औषधि खरिद,lekbeshi,2080-81
१,"औषधी, औजार तथा उपकरण खरिद",1725000.0,1725000.0,100.0,0.0,औषधि खरिद,lekbeshi,2080-81
३८,निःशुल्क स्वास्थ्य औषधि खरिद/ढुवानी,1387000.0,1387000.0,100.0,0.0,औषधि खरिद,lekbeshi,2080-81
३९,अन्य,576472.0,570000.0,98.88,6472.0,क्यान्सर सेवा,lekbeshi,2080-81
४०,परिवार नियोजन सम्बन्धी तालिम,200000.0,200000.0,100.0,0.0,क्षमता अभिबृध्दि,lekbeshi,2080-81
४१,अन्य,100000.0,100000.0,100.0,0.0,क्षमता अभिबृध्दि,lekbeshi,2080-81
४२,क्षयरोगीको खोज पड्ताल,162000.0,161900.0,99.94,100.0,क्षयरोग नियन्त्रण,lekbeshi,2080-81
४३,डट्स सम्बन्धी कार्यक्रम,38000.0,32600.0,85.79,5400.0,क्षयरोग नियन्त्रण,lekbeshi,2080-81
४४,रोकथाम मुलक कार्यक्रम,30000.0,30000.0,100.0,0.0,कालाजार नियन्त्रण,lekbeshi,2080-81
४५,युवा तथा किशोरकिशोरी स्वास्थ्य सम्बन्धी कार्यक्रम,20000.0,20000.0,100.0,0.0,किशोरकिशोरी स्वास्थ्य,lekbeshi,2080-81
४६,खोप सेवा संचालन,263000.0,262999.5,100.0,0.5,कोरोना भाइरस (कोभिड-१९),lekbeshi,2080-81
४७,नियमित खोप संचालन,263000.0,262775.0,99.91,225.0,खोप कार्यक्रम,lekbeshi,2080-81
४८,अन्य,30200000.0,25967567.61,85.99,4232432.39,जनशक्ति अभिलेख,lekbeshi,2080-81
४९,नवजात शिशु स्याहार कार्यक्रम,1056000.0,277231.0,26.25,778769.0,नवजात शिशु स्याहार,lekbeshi,2080-81
५०,बन्ध्याकरण सम्बन्धी कार्यक्रम,129000.0,129000.0,100.0,0.0,परिवार नियोजन,lekbeshi,2080-81
५१,परिवार नियोजन र अन्य सेवाको एकिकरण,190000.0,153210.0,80.64,36790.0,परिवार नियोजन,lekbeshi,2080-81
५२,स्तनपान प्रवर्ध्दन कार्यक्रम,150000.0,150000.0,100.0,0.0,पोषण कार्यक्रम,lekbeshi,2080-81
५३,विद्यालय शिक्षा तथा पोषण कार्यक्रम,677000.0,476407.0,70.37,200593.0,पोषण कार्यक्रम,lekbeshi,2080-81
५४,अन्य,150000.0,150000.0,100.0,0.0,पोषण कार्यक्रम,lekbeshi,2080-81
५५,कार्यालयको लागि फर्निचर तथा फिक्चर्स,300000.0,234868.0,78.29,65132.0,फर्निचर तथा फिक्चर्स,lekbeshi,2080-81
५६,अस्पताल जन्य फर्निचर तथा फिक्चर्स,210000.0,94005.0,44.76,115995.0,फर्निचर तथा फिक्चर्स,lekbeshi,2080-81
५७,प्राथमिक अस्पताल (१५ वेड),0.0,0.0,0.0,0.0,भवन निर्माण,lekbeshi,2080-81
५८,कार्यालय भवन निर्माण,6500000.0,6500000.0,100.0,0.0,भवन निर्माण,lekbeshi,2080-81
५९,अन्य निर्माण,260000.0,235881.0,90.72,24119.0,भवन निर्माण,lekbeshi,2080-81
६०,स्वास्थ्य चौकि भवन मर्मत सुधार,350000.0,333661.0,95.33,16339.0,भवन मर्मत सुधार,lekbeshi,2080-81
६१,अन्य मर्मत सूधार,50000.0,50000.0,100.0,0.0,भवन मर्मत सुधार,lekbeshi,2080-81
६२,अन्य,100000.0,100000.0,100.0,0.0,मेसिनरी औजार,lekbeshi,2080-81
६३,महिला स्वास्थ्य स्वयं सेविका तालिम,70000.0,70000.0,100.0,0.0,महिला स्वास्थ्य स्वयं सेविका,lekbeshi,2080-81
६४,महिला स्वास्थ्य स्वयं सेविका भत्ता,2300000.0,2299920.0,100.0,80.0,महिला स्वास्थ्य स्वयं सेविका,lekbeshi,2080-81
६५,समुदायमा आधारीत वालरोग उपचार व्यवस्थापन,340000.0,265190.0,78.0,74810.0,वालरोग व्यवस्थापन,lekbeshi,2080-81
६६,आमा सुरक्षा कार्यक्रम,2362000.0,2266286.0,95.95,95714.0,सुरक्षित मातृत्व,lekbeshi,2080-81
६७,प्रसूती पश्चातको सेवा,678000.0,138000.0,20.35,540000.0,सुरक्षित मातृत्व,lekbeshi,2080-81
६८,अन्य,2654600.0,2466400.0,92.91,188200.0,स्वास्थ्य बीमा,lekbeshi,2080-81
६९,अन्य कार्यक्रम,50000.0,50000.0,100.0,0.0,स्वास्थ्य शिक्षा तथा सूचना,lekbeshi,2080-81
७०,खानेपानी आपूर्ति कार्यक्रम,12666484.0,11620978.0,91.75,1045506.0,खानेपानी तथा सरसफाई ,lekbeshi,2080-81
१,श्रोत संरक्षण,10000.0,0.0,0.0,10000.0,खानेपानी तथा सरसफाई ,lekbeshi,2080-81
७१,खानेपानी आयोजना सम्बन्धी कार्यक्रम,4450000.0,4251711.0,95.54,198289.0,खानेपानी तथा सरसफाई ,lekbeshi,2080-81
१,इन्टेक निर्माण,1500000.0,1407236.0,93.82,92764.0,खानेपानी तथा सरसफाई ,lekbeshi,2080-81
२,खानेपानी निर्माण,150000.0,150000.0,100.0,0.0,खानेपानी तथा सरसफाई ,lekbeshi,2080-81
७२,पानी मुहान संरक्षण कार्यक्रम,550000.0,502977.0,91.45,47023.0,खानेपानी तथा सरसफाई ,lekbeshi,2080-81
१,संरक्षण,100000.0,90158.0,90.16,9842.0,खानेपानी तथा सरसफाई ,lekbeshi,2080-81
७३,फोहरमैला व्यवस्थापनअभिमूखीकरण कार्यक्रम,450000.0,139730.0,31.05,310270.0,खानेपानी तथा सरसफाई ,lekbeshi,2080-81
७४,बिबिध,845000.0,845000.0,100.0,0.0,खानेपानी तथा सरसफाई ,lekbeshi,2080-81
७५,सरसफाई कार्यक्रम,500000.0,157922.0,31.58,342078.0,खानेपानी तथा सरसफाई ,lekbeshi,2080-81
७६,"परम्परागरत जात्रा, पर्वहरुको सञ्चालन र व्यवस्थापनकार्यक्रम",175000.0,158200.0,90.4,16800.0,भाषा तथा संस्कृति,lekbeshi,2080-81
७७,"पुरातत्व, प्राचीन स्मारक र संग्रहालयको संरक्षण, सम्भार,  प्रवर्द्धन र विकासकार्यक्रम",110000.0,108058.0,98.23,1942.0,भाषा तथा संस्कृति,lekbeshi,2080-81
१,मन्दिर तथा चर्च व्यवस्थापन कार्यक्रम,110000.0,108058.0,98.23,1942.0,भाषा तथा संस्कृति,lekbeshi,2080-81
७८,बिबिध,850000.0,727552.0,85.59,122448.0,भाषा तथा संस्कृति,lekbeshi,2080-81
७९,सांस्कृतिक सम्पदा संरक्षण कार्यक्रम,600000.0,426540.0,71.09,173460.0,भाषा तथा संस्कृति,lekbeshi,2080-81
१,विविध,200000.0,49970.0,24.99,150030.0,भाषा तथा संस्कृति,lekbeshi,2080-81
८०,अपाङ्ग सम्बन्धी  कार्यक्रम,1025000.0,962743.0,93.93,62257.0,लैंगिक समानता तथा सामाजिक समावेशीकरण,lekbeshi,2080-81
१,आयआर्जन कार्यक्रम,50000.0,50000.0,100.0,0.0,लैंगिक समानता तथा सामाजिक समावेशीकरण,lekbeshi,2080-81
८१,जेष्ठ नागरिक सम्मान कार्यक्रम,475000.0,425000.0,89.47,50000.0,लैंगिक समानता तथा सामाजिक समावेशीकरण,lekbeshi,2080-81
८२,बालबालिका सम्बन्धी कार्यक्रम,425000.0,400000.0,94.12,25000.0,लैंगिक समानता तथा सामाजिक समावेशीकरण,lekbeshi,2080-81
८३,बिबिध,605000.0,501638.0,82.92,103362.0,लैंगिक समानता तथा सामाजिक समावेशीकरण,lekbeshi,2080-81
८४,महिला बेचविखन तथा  हिंसा नियन्त्रण  कार्यक्रम,275000.0,275000.0,100.0,0.0,लैंगिक समानता तथा सामाजिक समावेशीकरण,lekbeshi,2080-81
८५,महिला सशक्तिकरण  तथा उत्थान कार्यक्रम,447700.0,377760.0,84.38,69940.0,लैंगिक समानता तथा सामाजिक समावेशीकरण,lekbeshi,2080-81
१,नारी दिवस,25000.0,25000.0,100.0,0.0,लैंगिक समानता तथा सामाजिक समावेशीकरण,lekbeshi,2080-81
८६,सामाजिक सदभाव तथा एकिकरण प्रवद्र्धन कार्यक्रम,50000.0,0.0,0.0,50000.0,लैंगिक समानता तथा सामाजिक समावेशीकरण,lekbeshi,2080-81
८७,सामाजिक समावेशीकरण,50000.0,50000.0,100.0,0.0,लैंगिक समानता तथा सामाजिक समावेशीकरण,lekbeshi,2080-81
८८,खेलकूद,3639800.0,3447868.0,94.73,191932.0,युवा तथा खेलकुद,lekbeshi,2080-81
१,खेलकुद कार्यक्रम संचालन,150000.0,90000.0,60.0,60000.0,युवा तथा खेलकुद,lekbeshi,2080-81
२,खेलकुद सामाग्री खरिद,34800.0,34800.0,100.0,0.0,युवा तथा खेलकुद,lekbeshi,2080-81
८९,बिबिध,1170000.0,1169264.0,99.94,736.0,युवा तथा खेलकुद,lekbeshi,2080-81
९०,सामाजिक सुरक्षा तथा संरक्षण,8250000.0,7782847.0,94.34,467153.0,सामाजिक सुरक्षा तथा संरक्षण,lekbeshi,2080-81
१,सामाजिक सहयता,600000.0,489110.0,81.52,110890.0,सामाजिक सुरक्षा तथा संरक्षण,lekbeshi,2080-81
९१, ग्रामीण सडक निर्माण र स्तरोन्नति तथा मर्मत कार्यक्रम,1742100.0,1687518.0,96.87,54582.0,यातयात पूर्वाधार,lekbeshi,2080-81
९२,झोलुंगे पुल निर्माण र स्तरोन्नति तथा मर्मत कार्यक्रम,6046507.0,6037729.0,99.85,8778.0,यातयात पूर्वाधार,lekbeshi,2080-81
९३,पुल तथा पुलेसा निर्माण एबं मर्मत कार्यक्रम,5232948.4,4014514.0,76.72,1218434.4,यातयात पूर्वाधार,lekbeshi,2080-81
१,ह्युमपाइप खरिद,70342.5,70342.0,100.0,0.5,यातयात पूर्वाधार,lekbeshi,2080-81
९४,बिबिध,620144.0,619844.0,99.95,300.0,यातयात पूर्वाधार,lekbeshi,2080-81
९५,सडक निर्माण र स्तरोन्नति तथा मर्मत कार्यक्रम,87917350.7,68857118.19,78.31,19060232.51,यातयात पूर्वाधार,lekbeshi,2080-81
१,सडक निर्माण,12900000.0,8881340.0,68.84,4018660.0,यातयात पूर्वाधार,lekbeshi,2080-81
२,सडक निर्माण तथा ग्राभेल कार्य,1500000.0,1500000.0,100.0,0.0,यातयात पूर्वाधार,lekbeshi,2080-81
३,सडक स्तरोन्नती कार्य,1850000.0,1848400.0,99.91,1600.0,यातयात पूर्वाधार,lekbeshi,2080-81
९६,बस्ती तथा आवास  व्यवस्था,4500000.0,726416.0,16.14,3773584.0,"भवन, आवास तथा सहरी विकास",lekbeshi,2080-81
९७,सार्वजनिक भवन निर्माण,8606904.0,8304106.0,96.48,302798.0,"भवन, आवास तथा सहरी विकास",lekbeshi,2080-81
१,भवन निर्माण,2500000.0,2370329.0,94.81,129671.0,"भवन, आवास तथा सहरी विकास",lekbeshi,2080-81
९८,शहरी विकास कार्यक्रम ,15000000.0,0.0,0.0,15000000.0,"भवन, आवास तथा सहरी विकास",lekbeshi,2080-81
९९,सरकारी भवन/सार्वजनिक स्थल मर्मत सम्भार,10400000.0,9938599.0,95.56,461401.0,"भवन, आवास तथा सहरी विकास",lekbeshi,2080-81
१,निर्मित भवनको संरचना सुधार तथा मर्मत,50000.0,47625.0,95.25,2375.0,"भवन, आवास तथा सहरी विकास",lekbeshi,2080-81
१००,बिबिध,820000.0,660491.0,80.55,159509.0,"भवन, आवास तथा सहरी विकास",lekbeshi,2080-81
१,अन्य सार्वजनिक निर्माण,470000.0,320901.0,68.28,149099.0,"भवन, आवास तथा सहरी विकास",lekbeshi,2080-81
१०१,बिबिध,500000.0,437880.0,87.58,62120.0,उर्जा,lekbeshi,2080-81
१०२,"लघु तथा साना जलविद्यत  उत्पादन, स्तरोन्नति  तथा मर्मत कार्यक्रम",1000000.0,991635.0,99.16,8365.0,उर्जा,lekbeshi,2080-81
१०३,वैकल्पिक ऊर्जा विकास  एवं प्रवर्द्धन कार्यक्रम,1000000.0,807489.0,80.75,192511.0,उर्जा,lekbeshi,2080-81
१०४,विद्युत वितरण प्रणालीको विस्तार कार्यक्रम,226000.0,199062.0,88.08,26938.0,उर्जा,lekbeshi,2080-81
१०५,बिज्ञान तथा प्रबिधि,100000.0,100000.0,100.0,0.0,बिज्ञान तथा प्रबिधि,lekbeshi,2080-81
१०६,वातावरण संरक्षण कार्यक्रम,15000.0,15000.0,100.0,0.0,वातावरण तथा जलवायु,lekbeshi,2080-81
१०७,वातावरणीय जोखिम न्यूनीकरण कार्यक्रम,100000.0,96483.0,96.48,3517.0,वातावरण तथा जलवायु,lekbeshi,2080-81
१०८,बाढी भविष्यवाण्ी कार्यक्रम,50000.0,0.0,0.0,50000.0,विपद व्यवस्थापन,lekbeshi,2080-81
१०९,बिबिध,25000.0,0.0,0.0,25000.0,विपद व्यवस्थापन,lekbeshi,2080-81
११०,"विपद् पूर्व तयारी, खोज तथा उद्धार, राहत सामग्रीको पूर्व भण्डारणकार्यक्रम",575000.0,516907.0,89.9,58093.0,विपद व्यवस्थापन,lekbeshi,2080-81
१११,स्थानीय स्तर विपद् पूर्व तयारी तथा प्रतिकार्यकार्यक्रम,3000000.0,3000000.0,100.0,0.0,विपद व्यवस्थापन,lekbeshi,2080-81
११२,कर्मचारी प्रशिक्षण ,120000.0,39200.0,32.67,80800.0,मानब संशाधन विकास,lekbeshi,2080-81
११३,बिबिध,200000.0,175000.0,87.5,25000.0,शान्ति तथा सुव्यवस्था,lekbeshi,2080-81
११४,पञ्जिकरणअभिलेखीकरण,900000.0,900000.0,100.0,0.0,तथ्यांक प्रणाली,lekbeshi,2080-81
११५,गरिबी निवारण,695000.0,645000.0,92.81,50000.0,गरिबी निवारण,lekbeshi,2080-81
११६,बिबिध,538000.0,422200.0,78.48,115800.0,श्रम तथा रोजगारी,lekbeshi,2080-81
११७,योजना तर्जुमा र कार्यन्वयन,350000.0,300000.0,85.71,50000.0,योजना तर्जुमा र कार्यन्वयन ,lekbeshi,2080-81
११८,अनुगमन तथा मूल्यांकन,500000.0,468275.0,93.66,31725.0,अनुगमन तथा मूल्यांकन,lekbeshi,2080-81
१,अनुगमन तथा मूल्यांकन,500000.0,468275.0,93.66,31725.0,अनुगमन तथा मूल्यांकन,lekbeshi,2080-81
११९,सूचनाप्रवाह  प्रणालीको प्रयोग,100000.0,100000.0,100.0,0.0,प्रशासकीय सुशासन,lekbeshi,2080-81
१२०,संस्थागत कार्य जिम्मेवारी  विभाजन ,50000.0,50000.0,100.0,0.0,प्रशासकीय सुशासन,lekbeshi,2080-81
१२१,बिबिध,150000.0,109000.0,72.67,41000.0,वित्तीय सुशासन,lekbeshi,2080-81
१२२,कार्यालय सञ्चालन तथा प्रशासनिक,148918658.62,132316026.45,88.85,16602632.17,कार्यालय सञ्चालन तथा प्रशासनिक,lekbeshi,2080-81
१,"अनुगमन, मूल्यांकन खर्च",150000.0,150000.0,100.0,0.0,कार्यालय सञ्चालन तथा प्रशासनिक,lekbeshi,2080-81
२,अन्य कार्यालय संचालन खर्च,110000.0,108092.0,98.27,1908.0,कार्यालय सञ्चालन तथा प्रशासनिक,lekbeshi,2080-81
३,अन्य फिर्ता,36537114.87,29579729.95,80.95,6957384.92,कार्यालय सञ्चालन तथा प्रशासनिक,lekbeshi,2080-81
४,अन्य भाडा,60000.0,58000.0,96.67,2000.0,कार्यालय सञ्चालन तथा प्रशासनिक,lekbeshi,2080-81
५,अन्य सामाजिक सुरक्षा खर्च,115000.0,83240.0,72.38,31760.0,कार्यालय सञ्चालन तथा प्रशासनिक,lekbeshi,2080-81
६,इन्धन - अन्य प्रयोजन,60000.0,41400.0,69.0,18600.0,कार्यालय सञ्चालन तथा प्रशासनिक,lekbeshi,2080-81
७,इन्धन (कार्यालय प्रयोजन),4000000.0,3516540.0,87.91,483460.0,कार्यालय सञ्चालन तथा प्रशासनिक,lekbeshi,2080-81
८,इन्धन (पदाधिकारी),855000.0,855000.0,100.0,0.0,कार्यालय सञ्चालन तथा प्रशासनिक,lekbeshi,2080-81
९,कर्मचारी कल्याण कोष,1200000.0,1200000.0,100.0,0.0,कार्यालय सञ्चालन तथा प्रशासनिक,lekbeshi,2080-81
१०,कर्मचारी प्रोत्साहन तथा पुरस्कार,1550000.0,1543343.2,99.57,6656.8,कार्यालय सञ्चालन तथा प्रशासनिक,lekbeshi,2080-81
११,कर्मचारीको बैठक भत्ता,2268000.0,2253100.0,99.34,14900.0,कार्यालय सञ्चालन तथा प्रशासनिक,lekbeshi,2080-81
१२,कर्मचारीको योगदानमा आधारित निवृतभरण तथा उपदान कोष खर्च,702000.0,0.0,0.0,702000.0,कार्यालय सञ्चालन तथा प्रशासनिक,lekbeshi,2080-81
१३,कर्मचारीको योगदानमा आधारित बीमा कोष खर्च,260400.0,176400.0,67.73,84000.0,कार्यालय सञ्चालन तथा प्रशासनिक,lekbeshi,2080-81
१४,करार सेवा शुल्क,23508000.0,19445905.0,82.72,4062095.0,कार्यालय सञ्चालन तथा प्रशासनिक,lekbeshi,2080-81
१५,कार्यक्रम खर्च,2927083.0,2275126.57,77.73,651956.43,कार्यालय सञ्चालन तथा प्रशासनिक,lekbeshi,2080-81
१६,घरभाडा,408000.0,364596.0,89.36,43404.0,कार्यालय सञ्चालन तथा प्रशासनिक,lekbeshi,2080-81
१७,"पत्रपत्रिका, छपाई तथा सूचना प्रकाशन खर्च",1500000.0,1499912.0,99.99,88.0,कार्यालय सञ्चालन तथा प्रशासनिक,lekbeshi,2080-81
१८,पदाधिकारी बैठक भत्ता,3318000.0,2819694.0,84.98,498306.0,कार्यालय सञ्चालन तथा प्रशासनिक,lekbeshi,2080-81
१९,पदाधिकारीअन्य सुबिधा,8139000.0,8046000.0,98.86,93000.0,कार्यालय सञ्चालन तथा प्रशासनिक,lekbeshi,2080-81
२०,पानी तथा बिजुली,1045000.0,1040272.0,99.55,4728.0,कार्यालय सञ्चालन तथा प्रशासनिक,lekbeshi,2080-81
२१,पारिश्रमिक कर्मचारी,25380000.0,24959739.23,98.34,420260.77,कार्यालय सञ्चालन तथा प्रशासनिक,lekbeshi,2080-81
२२,पोशाक,550000.0,0.0,0.0,550000.0,कार्यालय सञ्चालन तथा प्रशासनिक,lekbeshi,2080-81
२३,फर्निचर तथा फिक्चर्स,1900000.0,1537789.0,80.94,362211.0,कार्यालय सञ्चालन तथा प्रशासनिक,lekbeshi,2080-81
२४,फिल्ड भत्ता,1950000.0,1949798.0,99.99,202.0,कार्यालय सञ्चालन तथा प्रशासनिक,lekbeshi,2080-81
२५,बिमा तथा नवीकरण खर्च,600000.0,558028.0,93.0,41972.0,कार्यालय सञ्चालन तथा प्रशासनिक,lekbeshi,2080-81
२६,भ्रमण खर्च,2000000.0,1993812.0,99.69,6188.0,कार्यालय सञ्चालन तथा प्रशासनिक,lekbeshi,2080-81
२७,मेशिनरी तथा औजार,1150000.0,1109913.0,96.51,40087.0,कार्यालय सञ्चालन तथा प्रशासनिक,lekbeshi,2080-81
२८,मेशिनरी तथा औजार मर्मत सम्भार तथा सञ्चालन खर्च,210000.0,210000.0,100.0,0.0,कार्यालय सञ्चालन तथा प्रशासनिक,lekbeshi,2080-81
२९,मसलन्द तथा कार्यालय सामाग्री,3050000.0,2988961.0,98.0,61039.0,कार्यालय सञ्चालन तथा प्रशासनिक,lekbeshi,2080-81
३०,महंगी भत्ता,1320000.0,1214666.0,92.02,105334.0,कार्यालय सञ्चालन तथा प्रशासनिक,lekbeshi,2080-81
३१,विविध खर्च,3300000.0,2985633.5,90.47,314366.5,कार्यालय सञ्चालन तथा प्रशासनिक,lekbeshi,2080-81
३२,सूचना प्रणाली तथा सफ्टवेयर संचालन खर्च,450000.0,42093.0,9.35,407907.0,कार्यालय सञ्चालन तथा प्रशासनिक,lekbeshi,2080-81
३३,संचार महसुल,630000.0,619042.0,98.26,10958.0,कार्यालय सञ्चालन तथा प्रशासनिक,lekbeshi,2080-81
३४,सभा सञ्चालन खर्च,600000.0,386579.0,64.43,213421.0,कार्यालय सञ्चालन तथा प्रशासनिक,lekbeshi,2080-81
३५,सेवा र परामर्श खर्च,4513011.0,4433675.0,98.24,79336.0,कार्यालय सञ्चालन तथा प्रशासनिक,lekbeshi,2080-81
३६,सवारी साधन,300000.0,132258.0,44.09,167742.0,कार्यालय सञ्चालन तथा प्रशासनिक,lekbeshi,2080-81
३७,सवारी साधन तथा मेशिनर औजार भाडा,600000.0,552500.0,92.08,47500.0,कार्यालय सञ्चालन तथा प्रशासनिक,lekbeshi,2080-81
३८,सवारी साधन मर्मत खर्च,3795511.75,3791441.0,99.89,4070.75,कार्यालय सञ्चालन तथा प्रशासनिक,lekbeshi,2080-81
३९,सीप विकास तथा जनचेतना तालिम तथा गोष्ठी सम्बन्धी खर्च,100000.0,86210.0,86.21,13790.0,कार्यालय सञ्चालन तथा प्रशासनिक,lekbeshi,2080-81
कुल जम्मा,,728217248.22,619740094.95,85.1,108477153.27,कार्यालय सञ्चालन तथा प्रशासनिक,lekbeshi,2080-81
१,कृषि उत्पादन तथ्याङ्क अभिलेखीकरण,400000.0,0.0,0.0,400000.0,कृषि,lekbeshi,2081-82
२,कृषि प्रसार तथा तालीम कार्यक्रम,100000.0,0.0,0.0,100000.0,कृषि,lekbeshi,2081-82
१,अनुदानमा आधारित युवा लक्षित कार्यक्रम,100000.0,0.0,0.0,100000.0,कृषि,lekbeshi,2081-82
३,कृषि व्यवसाय पवद्र्धन तथा बजार विकास कार्यकैम,300000.0,0.0,0.0,300000.0,कृषि,lekbeshi,2081-82
४,फलफुल विकास कार्यक्रम,150000.0,0.0,0.0,150000.0,कृषि,lekbeshi,2081-82
१,विरुवा वितरण,150000.0,0.0,0.0,150000.0,कृषि,lekbeshi,2081-82
५,बागवानी विकास कार्यक्रम,3319000.0,203334.36,6.13,3115665.64,कृषि,lekbeshi,2081-82
१,५० प्रतिशत अनुदान,1300000.0,0.0,0.0,1300000.0,कृषि,lekbeshi,2081-82
६,बाली विकास तथा संरक्षण  कार्यक्रम,400000.0,0.0,0.0,400000.0,कृषि,lekbeshi,2081-82
७,बिबिध,1100000.0,0.0,0.0,1100000.0,कृषि,lekbeshi,2081-82
१,बीउ विजन खरिद तथा वितरण,150000.0,0.0,0.0,150000.0,कृषि,lekbeshi,2081-82
२,मेशिनरी औजार वितरण,850000.0,0.0,0.0,850000.0,कृषि,lekbeshi,2081-82
८,बीउ ंप्रवद्र्धन तथा गुण नियन्त्रण कार्यक्रम ,1775000.0,0.0,0.0,1775000.0,कृषि,lekbeshi,2081-82
१,उन्नत बीउ विजन खरिद तथा वितरण,550000.0,0.0,0.0,550000.0,कृषि,lekbeshi,2081-82
९,आयमूलक शीप विकास कार्यक्रम,900000.0,0.0,0.0,900000.0,उद्योग,lekbeshi,2081-82
१०,उद्यमशीलता विकास कार्यक्रम,3600000.0,0.0,0.0,3600000.0,उद्योग,lekbeshi,2081-82
१,नयाँ लघुउद्यमी विकास कार्यक्रम,100000.0,0.0,0.0,100000.0,उद्योग,lekbeshi,2081-82
११,बजार व्यवस्थापन कार्यक्रम  ,150000.0,37000.0,24.67,113000.0,उद्योग,lekbeshi,2081-82
१२,बिबिध,110000.0,0.0,0.0,110000.0,उद्योग,lekbeshi,2081-82
१,कृषि सामाग्री खरिद,110000.0,0.0,0.0,110000.0,उद्योग,lekbeshi,2081-82
१३,"लघु, घरेलु तथा साना उद्योग  नियमन तथा प्रवद्र्धन कार्यक्रम",200000.0,0.0,0.0,200000.0,उद्योग,lekbeshi,2081-82
१४,पर्यटन पूर्वाधार विकास कार्यक्रम,85000.0,0.0,0.0,85000.0,पर्यटन,lekbeshi,2081-82
१५,बिबिध,150000.0,0.0,0.0,150000.0,सहकारी,lekbeshi,2081-82
१,निर्माण,100000.0,0.0,0.0,100000.0,सहकारी,lekbeshi,2081-82
१६,सहकारी  तालीम कार्यक्रम,300000.0,0.0,0.0,300000.0,सहकारी,lekbeshi,2081-82
१७,बिबिध,600000.0,0.0,0.0,600000.0,जलश्रोत तथा सिंचाई,lekbeshi,2081-82
१,खानेपानी तथा सिचाई पाईप खरिद,550000.0,0.0,0.0,550000.0,जलश्रोत तथा सिंचाई,lekbeshi,2081-82
१८,भूमिगत सिंचाई निर्माण र स्तरोन्नति  तथा मर्मत कार्यक्रम,900000.0,0.0,0.0,900000.0,जलश्रोत तथा सिंचाई,lekbeshi,2081-82
१,नालि,400000.0,0.0,0.0,400000.0,जलश्रोत तथा सिंचाई,lekbeshi,2081-82
१९,लघु तथा साना सिचाई कार्यक्रम ,21895000.0,0.0,0.0,21895000.0,जलश्रोत तथा सिंचाई,lekbeshi,2081-82
१,अन्य निर्माण,250000.0,0.0,0.0,250000.0,जलश्रोत तथा सिंचाई,lekbeshi,2081-82
२,कुलो निर्माण कार्य,2100000.0,0.0,0.0,2100000.0,जलश्रोत तथा सिंचाई,lekbeshi,2081-82
३,कुलो मर्मत कार्य,1300000.0,0.0,0.0,1300000.0,जलश्रोत तथा सिंचाई,lekbeshi,2081-82
४,सिँचाई पाईप खरिद,1545000.0,0.0,0.0,1545000.0,जलश्रोत तथा सिंचाई,lekbeshi,2081-82
५,सिँचाई मर्मत,100000.0,0.0,0.0,100000.0,जलश्रोत तथा सिंचाई,lekbeshi,2081-82
६,सिचार्इ पोखरी निर्माण,550000.0,0.0,0.0,550000.0,जलश्रोत तथा सिंचाई,lekbeshi,2081-82
७,सिचार्इ पोखरी मर्मत,200000.0,0.0,0.0,200000.0,जलश्रोत तथा सिंचाई,lekbeshi,2081-82
२०,पशु रोग पहिचान तथा नियन्त्रण कार्यक्रम,515000.0,50000.0,9.71,465000.0,पशुपन्छी विकास,lekbeshi,2081-82
१,रोग नियन्त्रण कार्यक्रम,50000.0,0.0,0.0,50000.0,पशुपन्छी विकास,lekbeshi,2081-82
२१,पशु विकास सेवा कार्यक्रम,4077000.0,0.0,0.0,4077000.0,पशुपन्छी विकास,lekbeshi,2081-82
१,अन्य खरिद कार्य,300000.0,0.0,0.0,300000.0,पशुपन्छी विकास,lekbeshi,2081-82
२२,पशुपन्छी बजार प्रवद्र्धन कार्यक्रम,600000.0,0.0,0.0,600000.0,पशुपन्छी विकास,lekbeshi,2081-82
२३,भूसंरक्षण कार्यक्रम,100000.0,0.0,0.0,100000.0,भूमि व्यवस्था,lekbeshi,2081-82
२४,आधारभूत तह  शिक्षा कार्यक्रम,149505000.0,43755309.0,29.27,105749691.0,शिक्षा,lekbeshi,2081-82
२५,"खुला तथा वैकल्पिक ९गुरुकुल, मदरसा, गुम्वा आदि० एवम् निरन्तर सिकाइ तथा विशेष शिक्षा कार्यक्रम",500000.0,40000.0,8.0,460000.0,शिक्षा,lekbeshi,2081-82
२६,प्रारम्भिक बाल शिक्षा तथा विद्यालय शिक्षाकार्यक्रम,450000.0,0.0,0.0,450000.0,शिक्षा,lekbeshi,2081-82
१,निर्माण तथा मर्मत,300000.0,0.0,0.0,300000.0,शिक्षा,lekbeshi,2081-82
२,शैक्षिक सामाग्री खरिद,150000.0,0.0,0.0,150000.0,शिक्षा,lekbeshi,2081-82
२७,प्राविधिक शिक्षा तथा व्यावसायिक तालिमकार्यक्रम,500000.0,0.0,0.0,500000.0,शिक्षा,lekbeshi,2081-82
२८,पाठ्यमक्रम र पाठ्य्रसामग्री वितरणकार्यक्रम,8757000.0,0.0,0.0,8757000.0,शिक्षा,lekbeshi,2081-82
२९,बिबिध,30078000.0,61500.0,0.2,30016500.0,शिक्षा,lekbeshi,2081-82
१,क्षमता विकास तालिम,400000.0,0.0,0.0,400000.0,शिक्षा,lekbeshi,2081-82
२,"फर्निचर खरिद, निर्माण तथा मर्मत कार्य",300000.0,0.0,0.0,300000.0,शिक्षा,lekbeshi,2081-82
३,फर्निचर निर्माण तथा खरिद कार्य,385000.0,0.0,0.0,385000.0,शिक्षा,lekbeshi,2081-82
४,फर्निचर निर्माण तथा मर्मत कार्य,150000.0,0.0,0.0,150000.0,शिक्षा,lekbeshi,2081-82
५,फिल्ड निर्माण तथा तारबार,100000.0,0.0,0.0,100000.0,शिक्षा,lekbeshi,2081-82
६,भवन निर्माण,250000.0,0.0,0.0,250000.0,शिक्षा,lekbeshi,2081-82
७,विद्यालय मर्मत सुधार,150000.0,0.0,0.0,150000.0,शिक्षा,lekbeshi,2081-82
३०,माध्यमिक शिक्षाकार्यक्रम,44667000.0,10431471.0,23.35,34235529.0,शिक्षा,lekbeshi,2081-82
३१,विद्यार्थी प्रोत्साहन तथा छात्रवृत्तिकार्यक्रम,8652000.0,1605000.0,18.55,7047000.0,शिक्षा,lekbeshi,2081-82
१,छात्रवृत्ति,50000.0,0.0,0.0,50000.0,शिक्षा,lekbeshi,2081-82
३२,विद्यार्थी सिकाई उपलब्धी परीक्षण र व्यवस्थापन कार्यक्रम,1851000.0,0.0,0.0,1851000.0,शिक्षा,lekbeshi,2081-82
३३,शैक्षिक पूर्वाधार निर्माण कार्यक्रम,29352000.6,306815.0,1.05,29045185.6,शिक्षा,lekbeshi,2081-82
१,"फर्निचर खरिद, निर्माण तथा मर्मत कार्य",100000.0,0.0,0.0,100000.0,शिक्षा,lekbeshi,2081-82
२,फिल्ड निर्माण,700000.0,0.0,0.0,700000.0,शिक्षा,lekbeshi,2081-82
३,"भवन निर्माण, तारबार तथा मर्मत",472000.6,306815.0,65.0,165185.6,शिक्षा,lekbeshi,2081-82
४,विद्यालय भवन मर्मत,140000.0,0.0,0.0,140000.0,शिक्षा,lekbeshi,2081-82
३४,अन्य केन्द्र,50000.0,0.0,0.0,50000.0,अन्य सघ संस्था/केन्द्र,lekbeshi,2081-82
१,अनुदान,50000.0,0.0,0.0,50000.0,अन्य सघ संस्था/केन्द्र,lekbeshi,2081-82
३५,विद्यालय आयुर्वेद कार्यक्रम,75000.0,0.0,0.0,75000.0,आयुर्वेद सेवा,lekbeshi,2081-82
३६,औषधियुक्त जडिबुटीको प्रयोग,300000.0,0.0,0.0,300000.0,आयुर्वेद सेवा,lekbeshi,2081-82
३७,अन्य,125000.0,0.0,0.0,125000.0,आयुर्वेद सेवा,lekbeshi,2081-82
३८,सामान्य औषधि खरिद/ढुवानी,1636000.0,0.0,0.0,1636000.0,औषधि खरिद,lekbeshi,2081-82
३९,अन्य,400000.0,0.0,0.0,400000.0,क्यान्सर सेवा,lekbeshi,2081-82
४०,महिला स्वास्थ्य स्वयम्सेविका तालिम,150000.0,0.0,0.0,150000.0,क्षमता अभिबृध्दि,lekbeshi,2081-82
१,विविध,150000.0,0.0,0.0,150000.0,क्षमता अभिबृध्दि,lekbeshi,2081-82
४१,अन्य,200000.0,0.0,0.0,200000.0,क्षमता अभिबृध्दि,lekbeshi,2081-82
१,समिक्षा गोष्ठी,200000.0,0.0,0.0,200000.0,क्षमता अभिबृध्दि,lekbeshi,2081-82
४२,क्षयरोगीको खोज पड्ताल,76000.0,0.0,0.0,76000.0,क्षयरोग नियन्त्रण,lekbeshi,2081-82
४३,क्षयरोग सामान्य उपचार,120000.0,0.0,0.0,120000.0,क्षयरोग नियन्त्रण,lekbeshi,2081-82
४४,डट्स सम्बन्धी कार्यक्रम,38000.0,0.0,0.0,38000.0,क्षयरोग नियन्त्रण,lekbeshi,2081-82
४५,अन्य,200000.0,0.0,0.0,200000.0,क्षयरोग नियन्त्रण,lekbeshi,2081-82
४६,किटजन्य रोग खोजपड्ताल,25000.0,0.0,0.0,25000.0,किटजन्य रोग,lekbeshi,2081-82
४७,युवा तथा किशोरकिशोरी स्वास्थ्य सम्बन्धी कार्यक्रम,418000.0,0.0,0.0,418000.0,किशोरकिशोरी स्वास्थ्य,lekbeshi,2081-82
१,विविध,140000.0,0.0,0.0,140000.0,किशोरकिशोरी स्वास्थ्य,lekbeshi,2081-82
४८,अन्य,200000.0,0.0,0.0,200000.0,किशोरकिशोरी स्वास्थ्य,lekbeshi,2081-82
१,स्वास्थ्य सचेतना कार्यक्रम,200000.0,0.0,0.0,200000.0,किशोरकिशोरी स्वास्थ्य,lekbeshi,2081-82
४९,नियमित खोप संचालन,386000.0,0.0,0.0,386000.0,खोप कार्यक्रम,lekbeshi,2081-82
५०,खोप अभियान सञ्चालन गर्ने,486000.0,0.0,0.0,486000.0,खोप कार्यक्रम,lekbeshi,2081-82
५१,स्वास्थ्य सेवाको गुणस्तर मापन,393000.0,0.0,0.0,393000.0,गुणस्तर मापन तथा नियमन,lekbeshi,2081-82
५२,जनशक्ति उत्पादन र व्यवस्थापन,28697000.0,7911917.08,27.57,20785082.92,जनशक्ति अभिलेख,lekbeshi,2081-82
५३,रेबिज रोग तथा रेबिज भ्याक्सिन प्रयोगसम्बन्धि कार्यक्रम,20000.0,0.0,0.0,20000.0,जुनोटिक रोग नियन्त्रण,lekbeshi,2081-82
५४,परिवार नियोजन र अन्य सेवाको एकिकरण,210000.0,0.0,0.0,210000.0,परिवार नियोजन,lekbeshi,2081-82
५५,अन्य कार्यक्रम,57000.0,0.0,0.0,57000.0,परिवार नियोजन,lekbeshi,2081-82
५६,पोषणयुक्त आहार निर्माण,100000.0,0.0,0.0,100000.0,पोषण कार्यक्रम,lekbeshi,2081-82
५७,गर्भवती महिलालाई आइरन चक्की र जुकाको औषधि वितरण,696000.0,0.0,0.0,696000.0,पोषण कार्यक्रम,lekbeshi,2081-82
५८,अन्य,675000.0,0.0,0.0,675000.0,पोषण कार्यक्रम,lekbeshi,2081-82
१,पोषण सम्बन्धी विविध कार्यक्रम,150000.0,0.0,0.0,150000.0,पोषण कार्यक्रम,lekbeshi,2081-82
५९,कार्यालयको लागि फर्निचर तथा फिक्चर्स,150000.0,0.0,0.0,150000.0,फर्निचर तथा फिक्चर्स,lekbeshi,2081-82
१,खरिद कार्य,100000.0,0.0,0.0,100000.0,फर्निचर तथा फिक्चर्स,lekbeshi,2081-82
६०,स्वास्थ्य चौकि टाइप डि,3178000.0,0.0,0.0,3178000.0,भवन निर्माण,lekbeshi,2081-82
६१,अन्य निर्माण,1300000.0,0.0,0.0,1300000.0,भवन निर्माण,lekbeshi,2081-82
१,व्यवस्थापन,1300000.0,0.0,0.0,1300000.0,भवन निर्माण,lekbeshi,2081-82
६२,स्वास्थ्य चौकि भवन मर्मत सुधार,100000.0,0.0,0.0,100000.0,भवन मर्मत सुधार,lekbeshi,2081-82
६३,अन्य मर्मत सूधार,720000.0,0.0,0.0,720000.0,भवन मर्मत सुधार,lekbeshi,2081-82
१,मर्मत संभार,650000.0,0.0,0.0,650000.0,भवन मर्मत सुधार,lekbeshi,2081-82
६४,अन्य,40000.0,0.0,0.0,40000.0,मेसिनरी औजार,lekbeshi,2081-82
१,खरिद,40000.0,0.0,0.0,40000.0,मेसिनरी औजार,lekbeshi,2081-82
६५,महामारीको रूपमा देखा पर्ने रोगहरूको रोकथाम र नियन्त्रण,300000.0,0.0,0.0,300000.0,महामारी रोग नियन्त्रण,lekbeshi,2081-82
६६,महिला स्वास्थ्य स्वयं सेविका भत्ता,3510000.0,150000.0,4.26,3360000.0,महिला स्वास्थ्य स्वयं सेविका,lekbeshi,2081-82
६७,अन्य,445000.0,0.0,0.0,445000.0,महिला स्वास्थ्य स्वयं सेविका,lekbeshi,2081-82
१,विविध कार्यक्रम,295000.0,0.0,0.0,295000.0,महिला स्वास्थ्य स्वयं सेविका,lekbeshi,2081-82
२,स्वास्थ्य स्व.सेविका तथा स्वास्थ्य शिक्षक तालिम,100000.0,0.0,0.0,100000.0,महिला स्वास्थ्य स्वयं सेविका,lekbeshi,2081-82
६८,नवजात शिशु तथा वालरोगको एकीकृत व्यवस्थापन,100000.0,0.0,0.0,100000.0,वालरोग व्यवस्थापन,lekbeshi,2081-82
६९,मृगौला रोग सेवा,750000.0,0.0,0.0,750000.0,विपन्न नागरिक उपचार,lekbeshi,2081-82
७०,प्रसूती सेवा कार्यक्रम,1168000.0,120000.0,10.27,1048000.0,सुरक्षित मातृत्व,lekbeshi,2081-82
७१,आमा सुरक्षा कार्यक्रम,3972000.0,790600.0,19.89,3181400.0,सुरक्षित मातृत्व,lekbeshi,2081-82
७२,अन्य,50000.0,0.0,0.0,50000.0,सरूवा रोग नियन्त्रण,lekbeshi,2081-82
१,"सर्ने, नसर्ने, जुनोटीक तथा मानसिक स्वास्थ्य सम्बन्धि विविध कार्यक्रम",50000.0,0.0,0.0,50000.0,सरूवा रोग नियन्त्रण,lekbeshi,2081-82
७३,अन्य कार्यक्रम,40000.0,0.0,0.0,40000.0,स्वास्थ्य शिक्षा तथा सूचना,lekbeshi,2081-82
७४,खानेपानी आपूर्ति कार्यक्रम,11350000.0,0.0,0.0,11350000.0,खानेपानी तथा सरसफाई ,lekbeshi,2081-82
१,खानेपानी टंङ्की निर्माण,260000.0,0.0,0.0,260000.0,खानेपानी तथा सरसफाई ,lekbeshi,2081-82
२,खानेपानी सम्बन्धी योजना,750000.0,0.0,0.0,750000.0,खानेपानी तथा सरसफाई ,lekbeshi,2081-82
३,पाईप खरिद,1280000.0,0.0,0.0,1280000.0,खानेपानी तथा सरसफाई ,lekbeshi,2081-82
४,श्रोत संरक्षण,50000.0,0.0,0.0,50000.0,खानेपानी तथा सरसफाई ,lekbeshi,2081-82
७५,खानेपानी आयोजना सम्बन्धी कार्यक्रम,600000.0,0.0,0.0,600000.0,खानेपानी तथा सरसफाई ,lekbeshi,2081-82
१,खानेपानी पार्इप खरिद तथा इन्टेक निर्माण,200000.0,0.0,0.0,200000.0,खानेपानी तथा सरसफाई ,lekbeshi,2081-82
२,खानेपानी मर्मत,400000.0,0.0,0.0,400000.0,खानेपानी तथा सरसफाई ,lekbeshi,2081-82
७६,फोहरमैला व्यवस्थापन कार्यक्रम,4500000.0,0.0,0.0,4500000.0,खानेपानी तथा सरसफाई ,lekbeshi,2081-82
७७,बिबिध,70000.0,0.0,0.0,70000.0,खानेपानी तथा सरसफाई ,lekbeshi,2081-82
१,विविध,70000.0,0.0,0.0,70000.0,खानेपानी तथा सरसफाई ,lekbeshi,2081-82
७८,सरसफाई कार्यक्रम,115000.0,0.0,0.0,115000.0,खानेपानी तथा सरसफाई ,lekbeshi,2081-82
७९,सरसफाई र फोहर व्यवस्थापनकार्यक्रम,1050000.0,0.0,0.0,1050000.0,खानेपानी तथा सरसफाई ,lekbeshi,2081-82
१,विविध,50000.0,0.0,0.0,50000.0,खानेपानी तथा सरसफाई ,lekbeshi,2081-82
८०,बिबिध,100000.0,0.0,0.0,100000.0,भाषा तथा संस्कृति,lekbeshi,2081-82
१,"मन्दिर, चर्च निर्माण तथा मर्मत",50000.0,0.0,0.0,50000.0,भाषा तथा संस्कृति,lekbeshi,2081-82
८१,सांस्कृतिक सम्पदा संरक्षण कार्यक्रम,980000.0,0.0,0.0,980000.0,भाषा तथा संस्कृति,lekbeshi,2081-82
१,मठ तथा मन्दिर मर्मत ,730000.0,0.0,0.0,730000.0,भाषा तथा संस्कृति,lekbeshi,2081-82
८२,अपाङ्ग सम्बन्धी  कार्यक्रम,575000.0,0.0,0.0,575000.0,लैंगिक समानता तथा सामाजिक समावेशीकरण,lekbeshi,2081-82
१,अपाङ्गता सम्बन्धि विविध कार्यक्रम,140000.0,0.0,0.0,140000.0,लैंगिक समानता तथा सामाजिक समावेशीकरण,lekbeshi,2081-82
८३,जेष्ठ नागरिक सम्मान कार्यक्रम,250000.0,0.0,0.0,250000.0,लैंगिक समानता तथा सामाजिक समावेशीकरण,lekbeshi,2081-82
१,सम्मान,50000.0,0.0,0.0,50000.0,लैंगिक समानता तथा सामाजिक समावेशीकरण,lekbeshi,2081-82
८४,बालबालिका सम्बन्धी कार्यक्रम,650000.0,0.0,0.0,650000.0,लैंगिक समानता तथा सामाजिक समावेशीकरण,lekbeshi,2081-82
१,बालमैत्री कार्यक्रम,50000.0,0.0,0.0,50000.0,लैंगिक समानता तथा सामाजिक समावेशीकरण,lekbeshi,2081-82
८५,बिबिध,1000000.0,0.0,0.0,1000000.0,लैंगिक समानता तथा सामाजिक समावेशीकरण,lekbeshi,2081-82
१,लक्षित कार्यक्रम संचालन,975000.0,0.0,0.0,975000.0,लैंगिक समानता तथा सामाजिक समावेशीकरण,lekbeshi,2081-82
२,विविध कार्यक्रम,25000.0,0.0,0.0,25000.0,लैंगिक समानता तथा सामाजिक समावेशीकरण,lekbeshi,2081-82
८६,महिला सशक्तिकरण  तथा उत्थान कार्यक्रम,1030000.0,25000.0,2.43,1005000.0,लैंगिक समानता तथा सामाजिक समावेशीकरण,lekbeshi,2081-82
१,एकल महिला सम्बन्धि कार्यक्रम,50000.0,0.0,0.0,50000.0,लैंगिक समानता तथा सामाजिक समावेशीकरण,lekbeshi,2081-82
२,नारी दिवस,30000.0,0.0,0.0,30000.0,लैंगिक समानता तथा सामाजिक समावेशीकरण,lekbeshi,2081-82
३,प्रवर्द्धनात्मक कार्यक्रम,100000.0,25000.0,25.0,75000.0,लैंगिक समानता तथा सामाजिक समावेशीकरण,lekbeshi,2081-82
८७,खेलकूद,2570000.0,0.0,0.0,2570000.0,युवा तथा खेलकुद,lekbeshi,2081-82
१,खेलकुद कार्यक्रम संचालन,370000.0,0.0,0.0,370000.0,युवा तथा खेलकुद,lekbeshi,2081-82
२,खेलकुद सामाग्री खरिद,100000.0,0.0,0.0,100000.0,युवा तथा खेलकुद,lekbeshi,2081-82
३,निर्माण,100000.0,0.0,0.0,100000.0,युवा तथा खेलकुद,lekbeshi,2081-82
८८,बिबिध,200000.0,0.0,0.0,200000.0,युवा तथा खेलकुद,lekbeshi,2081-82
१,युवा प्रोत्साहन कार्यक्रम,200000.0,0.0,0.0,200000.0,युवा तथा खेलकुद,lekbeshi,2081-82
८९,सामाजिक सुरक्षा तथा संरक्षण,8666000.0,313676.0,3.62,8352324.0,सामाजिक सुरक्षा तथा संरक्षण,lekbeshi,2081-82
१,सामाजिक सहयता,575000.0,0.0,0.0,575000.0,सामाजिक सुरक्षा तथा संरक्षण,lekbeshi,2081-82
९०,कृषि सडक निर्माण र स्तरोन्नति तथा मर्मत कार्यक्रम,300000.0,0.0,0.0,300000.0,यातयात पूर्वाधार,lekbeshi,2081-82
१,कृषि सडक निर्माण तथा मर्मत,300000.0,0.0,0.0,300000.0,यातयात पूर्वाधार,lekbeshi,2081-82
९१,झोलुंगे पुल निर्माण र स्तरोन्नति तथा मर्मत कार्यक्रम,1000000.0,0.0,0.0,1000000.0,यातयात पूर्वाधार,lekbeshi,2081-82
९२,पुल तथा पुलेसा निर्माण एबं मर्मत कार्यक्रम,300000.0,0.0,0.0,300000.0,यातयात पूर्वाधार,lekbeshi,2081-82
१,ह्युमपाइप खरिद,300000.0,0.0,0.0,300000.0,यातयात पूर्वाधार,lekbeshi,2081-82
९३,बिबिध,350000.0,100739.0,28.78,249261.0,यातयात पूर्वाधार,lekbeshi,2081-82
१,स्तरोन्नती तथा मर्मत,300000.0,100739.0,33.58,199261.0,यातयात पूर्वाधार,lekbeshi,2081-82
९४,सडक निर्माण र स्तरोन्नति तथा मर्मत कार्यक्रम,42918000.0,1851007.38,4.3,41066992.62,यातयात पूर्वाधार,lekbeshi,2081-82
१,सडक ग्राभेल कार्य,100000.0,0.0,0.0,100000.0,यातयात पूर्वाधार,lekbeshi,2081-82
२,सडक ट्रयाक निर्माण,50000.0,0.0,0.0,50000.0,यातयात पूर्वाधार,lekbeshi,2081-82
३,सडक निर्माण,15708000.0,851007.38,5.42,14856992.62,यातयात पूर्वाधार,lekbeshi,2081-82
४,सडक निर्माण तथा ग्राभेल कार्य,6550000.0,0.0,0.0,6550000.0,यातयात पूर्वाधार,lekbeshi,2081-82
५,सडक मर्मत,1100000.0,0.0,0.0,1100000.0,यातयात पूर्वाधार,lekbeshi,2081-82
६,सडक स्तरोन्नती कार्य,1760000.0,0.0,0.0,1760000.0,यातयात पूर्वाधार,lekbeshi,2081-82
९५,सार्वजनिक भवन निर्माण,16550000.0,0.0,0.0,16550000.0,"भवन, आवास तथा सहरी विकास",lekbeshi,2081-82
१,भवन निर्माण,550000.0,0.0,0.0,550000.0,"भवन, आवास तथा सहरी विकास",lekbeshi,2081-82
९६,सरकारी भवन/सार्वजनिक स्थल मर्मत सम्भार,1375000.0,50000.0,3.64,1325000.0,"भवन, आवास तथा सहरी विकास",lekbeshi,2081-82
१,निर्मित भवनको संरचना सुधार तथा मर्मत,575000.0,0.0,0.0,575000.0,"भवन, आवास तथा सहरी विकास",lekbeshi,2081-82
९७,बिबिध,715000.0,0.0,0.0,715000.0,"भवन, आवास तथा सहरी विकास",lekbeshi,2081-82
१,अन्य सार्वजनिक निर्माण,715000.0,0.0,0.0,715000.0,"भवन, आवास तथा सहरी विकास",lekbeshi,2081-82
९८,वैकल्पिक ऊर्जा विकास  एवं प्रवर्द्धन कार्यक्रम,800000.0,0.0,0.0,800000.0,उर्जा,lekbeshi,2081-82
१,नविकरणिय उर्जा,800000.0,0.0,0.0,800000.0,उर्जा,lekbeshi,2081-82
९९,विद्युत वितरण प्रणालीको विस्तार कार्यक्रम,650000.0,0.0,0.0,650000.0,उर्जा,lekbeshi,2081-82
१,लार्इन विस्तार,650000.0,0.0,0.0,650000.0,उर्जा,lekbeshi,2081-82
१००,सञ्चार सम्बन्धी उपकरण खरिद तथा जडान कार्य,400000.0,0.0,0.0,400000.0,संचार तथा सूचना प्रबिधि,lekbeshi,2081-82
१०१,सम्पदा पूर्वाधार,500000.0,0.0,0.0,500000.0,सम्पदा पूर्वाधार,lekbeshi,2081-82
१,विविध,500000.0,0.0,0.0,500000.0,सम्पदा पूर्वाधार,lekbeshi,2081-82
१०२,पुननिर्माण,470000.0,0.0,0.0,470000.0,पुननिर्माण,lekbeshi,2081-82
१,भैपरी आउने पूँजीगत ,220000.0,0.0,0.0,220000.0,पुननिर्माण,lekbeshi,2081-82
२,भवन निर्माण,200000.0,0.0,0.0,200000.0,पुननिर्माण,lekbeshi,2081-82
३,मर्मत संभार कोष,50000.0,0.0,0.0,50000.0,पुननिर्माण,lekbeshi,2081-82
१०३,बिबिध,235000.0,0.0,0.0,235000.0,वातावरण तथा जलवायु,lekbeshi,2081-82
१,विविध,100000.0,0.0,0.0,100000.0,वातावरण तथा जलवायु,lekbeshi,2081-82
१०४,वातावरण संरक्षण कार्यक्रम,700000.0,0.0,0.0,700000.0,वातावरण तथा जलवायु,lekbeshi,2081-82
१०५,बिबिध,1935000.0,1500000.0,77.52,435000.0,विपद व्यवस्थापन,lekbeshi,2081-82
१,विपद् व्यवस्थापन ,200000.0,0.0,0.0,200000.0,विपद व्यवस्थापन,lekbeshi,2081-82
१०६,कर्मचारी प्रशिक्षण ,250000.0,0.0,0.0,250000.0,मानब संशाधन विकास,lekbeshi,2081-82
१०७,कर्मचारी वृत्ति विकास  कार्यक्रम,200000.0,0.0,0.0,200000.0,मानब संशाधन विकास,lekbeshi,2081-82
१०८,मानव संसाधन विकासयोजना तर्जुमा तथा कार्यान्वयन,75000.0,0.0,0.0,75000.0,मानब संशाधन विकास,lekbeshi,2081-82
१,विविध,75000.0,0.0,0.0,75000.0,मानब संशाधन विकास,lekbeshi,2081-82
१०९,बिबिध,55000.0,0.0,0.0,55000.0,शान्ति तथा सुव्यवस्था,lekbeshi,2081-82
११०, कानुन तथा न्याय,500000.0,60000.0,12.0,440000.0,कानुन तथा न्याय,lekbeshi,2081-82
१११,शासन प्रणाली,150000.0,0.0,0.0,150000.0,शासन प्रणाली,lekbeshi,2081-82
१,विविध,150000.0,0.0,0.0,150000.0,शासन प्रणाली,lekbeshi,2081-82
११२,पञ्जिकरणअभिलेखीकरण,495000.0,209842.1,42.39,285157.9,तथ्यांक प्रणाली,lekbeshi,2081-82
११३,गरिबी निवारण,415000.0,60000.0,14.46,355000.0,गरिबी निवारण,lekbeshi,2081-82
११४,बिबिध,180000.0,0.0,0.0,180000.0,श्रम तथा रोजगारी,lekbeshi,2081-82
११५,अनुगमन तथा मूल्यांकन,50000.0,0.0,0.0,50000.0,अनुगमन तथा मूल्यांकन,lekbeshi,2081-82
१,अनुगमन तथा मूल्यांकन,50000.0,0.0,0.0,50000.0,अनुगमन तथा मूल्यांकन,lekbeshi,2081-82
११६,नतीजामा  आधारित कार्यसम्पादन  मूल्यांकन,300000.0,0.0,0.0,300000.0,प्रशासकीय सुशासन,lekbeshi,2081-82
११७,बिबिध,100000.0,0.0,0.0,100000.0,वित्तीय सुशासन,lekbeshi,2081-82
११८,कार्यालय सञ्चालन तथा प्रशासनिक,135649883.4,38345846.44,28.27,97304036.96,कार्यालय सञ्चालन तथा प्रशासनिक,lekbeshi,2081-82
१,"अनुगमन, मूल्यांकन खर्च",525000.0,0.0,0.0,525000.0,कार्यालय सञ्चालन तथा प्रशासनिक,lekbeshi,2081-82
२,अन्य कार्यालय संचालन खर्च,557500.0,0.0,0.0,557500.0,कार्यालय सञ्चालन तथा प्रशासनिक,lekbeshi,2081-82
३,अन्य फिर्ता,6344334.4,275934.0,4.34,6068400.4,कार्यालय सञ्चालन तथा प्रशासनिक,lekbeshi,2081-82
४,अन्य भत्ता,230000.0,0.0,0.0,230000.0,कार्यालय सञ्चालन तथा प्रशासनिक,lekbeshi,2081-82
५,अन्य भ्रमण खर्च,115000.0,0.0,0.0,115000.0,कार्यालय सञ्चालन तथा प्रशासनिक,lekbeshi,2081-82
६,अन्य भाडा,60000.0,0.0,0.0,60000.0,कार्यालय सञ्चालन तथा प्रशासनिक,lekbeshi,2081-82
७,अन्य सम्पत्तिहरूको संचालन तथा सम्भार खर्च,60000.0,0.0,0.0,60000.0,कार्यालय सञ्चालन तथा प्रशासनिक,lekbeshi,2081-82
८,अन्य सेवा शुल्क,60000.0,0.0,0.0,60000.0,कार्यालय सञ्चालन तथा प्रशासनिक,lekbeshi,2081-82
९,अन्य सामाजिक सुरक्षा,115000.0,0.0,0.0,115000.0,कार्यालय सञ्चालन तथा प्रशासनिक,lekbeshi,2081-82
१०,अन्य सामाजिक सुरक्षा खर्च,115000.0,0.0,0.0,115000.0,कार्यालय सञ्चालन तथा प्रशासनिक,lekbeshi,2081-82
११,इन्धन - अन्य प्रयोजन,60000.0,0.0,0.0,60000.0,कार्यालय सञ्चालन तथा प्रशासनिक,lekbeshi,2081-82
१२,इन्धन (कार्यालय प्रयोजन),4300000.0,2744602.0,63.83,1555398.0,कार्यालय सञ्चालन तथा प्रशासनिक,lekbeshi,2081-82
१३,इन्धन (पदाधिकारी),800000.0,0.0,0.0,800000.0,कार्यालय सञ्चालन तथा प्रशासनिक,lekbeshi,2081-82
१४,औषधीउपचार खर्च,172500.0,0.0,0.0,172500.0,कार्यालय सञ्चालन तथा प्रशासनिक,lekbeshi,2081-82
१५,औषधीखरिद खर्च,1800000.0,0.0,0.0,1800000.0,कार्यालय सञ्चालन तथा प्रशासनिक,lekbeshi,2081-82
१६,कर्मचारी कल्याण कोष,500000.0,0.0,0.0,500000.0,कार्यालय सञ्चालन तथा प्रशासनिक,lekbeshi,2081-82
१७,कर्मचारी प्रोत्साहन तथा पुरस्कार,1550000.0,300000.0,19.35,1250000.0,कार्यालय सञ्चालन तथा प्रशासनिक,lekbeshi,2081-82
१८,कर्मचारीको बैठक भत्ता,1250000.0,0.0,0.0,1250000.0,कार्यालय सञ्चालन तथा प्रशासनिक,lekbeshi,2081-82
१९,कर्मचारीको योगदानमा आधारित निवृतभरण तथा उपदान कोष खर्च,750000.0,0.0,0.0,750000.0,कार्यालय सञ्चालन तथा प्रशासनिक,lekbeshi,2081-82
२०,कर्मचारीको योगदानमा आधारित बीमा कोष खर्च,270000.0,0.0,0.0,270000.0,कार्यालय सञ्चालन तथा प्रशासनिक,lekbeshi,2081-82
२१,करार सेवा शुल्क,24636000.0,7559215.54,30.68,17076784.46,कार्यालय सञ्चालन तथा प्रशासनिक,lekbeshi,2081-82
२२,कार्यक्रम खर्च,120000.0,0.0,0.0,120000.0,कार्यालय सञ्चालन तथा प्रशासनिक,lekbeshi,2081-82
२३,घरभाडा,350000.0,90000.0,25.71,260000.0,कार्यालय सञ्चालन तथा प्रशासनिक,lekbeshi,2081-82
२४,धार्मिक तथा सांस्कृतिक संस्था सहायता,100000.0,0.0,0.0,100000.0,कार्यालय सञ्चालन तथा प्रशासनिक,lekbeshi,2081-82
२५,"पत्रपत्रिका, छपाई तथा सूचना प्रकाशन खर्च",1500000.0,116190.0,7.75,1383810.0,कार्यालय सञ्चालन तथा प्रशासनिक,lekbeshi,2081-82
२६,पदाधिकारी बैठक भत्ता,3546000.0,0.0,0.0,3546000.0,कार्यालय सञ्चालन तथा प्रशासनिक,lekbeshi,2081-82
२७,पदाधिकारीअन्य सुबिधा,8139000.0,2619000.0,32.18,5520000.0,कार्यालय सञ्चालन तथा प्रशासनिक,lekbeshi,2081-82
२८,पुस्तक तथा सामग्री खर्च,115000.0,0.0,0.0,115000.0,कार्यालय सञ्चालन तथा प्रशासनिक,lekbeshi,2081-82
२९,पानी तथा बिजुली,1045000.0,7153.0,0.68,1037847.0,कार्यालय सञ्चालन तथा प्रशासनिक,lekbeshi,2081-82
३०,पारिश्रमिक कर्मचारी,34000000.0,9029105.9,26.56,24970894.1,कार्यालय सञ्चालन तथा प्रशासनिक,lekbeshi,2081-82
३१,पोशाक,690000.0,0.0,0.0,690000.0,कार्यालय सञ्चालन तथा प्रशासनिक,lekbeshi,2081-82
३२,फर्निचर तथा फिक्चर्स,3600000.0,0.0,0.0,3600000.0,कार्यालय सञ्चालन तथा प्रशासनिक,lekbeshi,2081-82
३३,फिल्ड भत्ता,1950000.0,121125.0,6.21,1828875.0,कार्यालय सञ्चालन तथा प्रशासनिक,lekbeshi,2081-82
३४,बिमा तथा नवीकरण खर्च,700000.0,350000.0,50.0,350000.0,कार्यालय सञ्चालन तथा प्रशासनिक,lekbeshi,2081-82
३५,भैपरी आउने चालु खर्च,72694.0,0.0,0.0,72694.0,कार्यालय सञ्चालन तथा प्रशासनिक,lekbeshi,2081-82
३६,भ्रमण खर्च,2000000.0,301870.0,15.09,1698130.0,कार्यालय सञ्चालन तथा प्रशासनिक,lekbeshi,2081-82
३७,मृत कर्मचारीको सुविधा तथा सहायता,57500.0,0.0,0.0,57500.0,कार्यालय सञ्चालन तथा प्रशासनिक,lekbeshi,2081-82
३८,मेशिनरी तथा औजार,3555000.0,0.0,0.0,3555000.0,कार्यालय सञ्चालन तथा प्रशासनिक,lekbeshi,2081-82
३९,मेशिनरी तथा औजार मर्मत सम्भार तथा सञ्चालन खर्च,212000.0,0.0,0.0,212000.0,कार्यालय सञ्चालन तथा प्रशासनिक,lekbeshi,2081-82
४०,मसलन्द तथा कार्यालय सामाग्री,3000000.0,69845.0,2.33,2930155.0,कार्यालय सञ्चालन तथा प्रशासनिक,lekbeshi,2081-82
४१,महंगी भत्ता,1320000.0,519333.0,39.34,800667.0,कार्यालय सञ्चालन तथा प्रशासनिक,lekbeshi,2081-82
४२,राजस्व फिर्ता,13074855.0,13074855.0,100.0,0.0,कार्यालय सञ्चालन तथा प्रशासनिक,lekbeshi,2081-82
४३,विविध कार्यक्रम खर्च,270000.0,0.0,0.0,270000.0,कार्यालय सञ्चालन तथा प्रशासनिक,lekbeshi,2081-82
४४,विविध खर्च,2500000.0,387850.0,15.51,2112150.0,कार्यालय सञ्चालन तथा प्रशासनिक,lekbeshi,2081-82
४५,विशिष्ट व्यक्ति तथा प्रतिनिधि मण्डलको भ्रमण खर्च,115000.0,0.0,0.0,115000.0,कार्यालय सञ्चालन तथा प्रशासनिक,lekbeshi,2081-82
४६,सूचना प्रणाली तथा सफ्टवेयर संचालन खर्च,172500.0,0.0,0.0,172500.0,कार्यालय सञ्चालन तथा प्रशासनिक,lekbeshi,2081-82
४७,संचार महसुल,630000.0,83664.0,13.28,546336.0,कार्यालय सञ्चालन तथा प्रशासनिक,lekbeshi,2081-82
४८,सभा सञ्चालन खर्च,620000.0,0.0,0.0,620000.0,कार्यालय सञ्चालन तथा प्रशासनिक,lekbeshi,2081-82
४९,सेवा र परामर्श खर्च,2500000.0,0.0,0.0,2500000.0,कार्यालय सञ्चालन तथा प्रशासनिक,lekbeshi,2081-82
५०,सवारी साधन तथा मेशिनर औजार भाडा,600000.0,112000.0,18.67,488000.0,कार्यालय सञ्चालन तथा प्रशासनिक,lekbeshi,2081-82
५१,सवारी साधन मर्मत खर्च,4500000.0,584104.0,12.98,3915896.0,कार्यालय सञ्चालन तथा प्रशासनिक,lekbeshi,2081-82
कुल जम्मा,,608917884.0,107979057.36,17.73,500938826.64,कार्यालय सञ्चालन तथा प्रशासनिक,lekbeshi,2081-82
